﻿<?xml version="1.0" encoding="utf-8"?>
<component format="1" id="signalr">
  <name>SignalR</name>
  <publisher>Xamarin</publisher>
  <publisher-url>http://asp.net/signalr</publisher-url>
  <version>2.1.2</version>
  <summary>Incredibly simple real-time web for .NET.</summary>
  <samples>
    <sample id="Microsoft.AspNet.SignalR.Client.Android.Samples">
      <name>Android Sample</name>
      <summary>Android Sample</summary>
    </sample>
    <sample id="Microsoft.AspNet.SignalR.Client.iOS.Samples">
      <name>iOS Unified API Sample</name>
      <summary>iOS Unified API Sample</summary>
    </sample>
    <sample id="Microsoft.AspNet.SignalR.Client.iOS-Classic.Samples">
      <name>iOS Classic API Sample</name>
      <summary>iOS Classic API Sample</summary>
    </sample>
    <sample id="Microsoft.AspNet.SignalR.Client.WP8.Samples">
      <name>WP8 Sample</name>
      <summary>WP8 Sample</summary>
    </sample>
  </samples>
</component>